Question,Answer
1. What is correlation in statistics and how is it measured?,"Correlation in statistics is a measure that expresses the extent to which two variables are linearly related. It is a statistical tool used to describe simple relationships between variables without implying causation. Correlation coefficients range from -1 to 1, with 0 indicating no linear relationship, 1 indicating a perfect positive linear relationship, and -1 indicating a perfect negative linear relationship."
2. How does a correlation coefficient ranging from -1 to 1 indicate the relationship between two variables?,"A correlation coefficient ranging from -1 to 1 indicates the strength and direction of the relationship between two variables. 
- A value of 1 indicates a perfect positive linear relationship, meaning as one variable increases, the other variable also increases proportionally.
- A value of -1 indicates a perfect negative linear relationship, meaning as one variable increases, the other variable decreases proportionally.
- A value of 0 indicates no linear relationship between the two variables."
3. Why is correlation important in statistics and how can it be used to identify relationships between variables?,"Correlation is important in statistics because it helps identify relationships between variables. It can be used to determine if there is a relationship between two variables and whether that relationship is positive or negative. This information is valuable for understanding the connections between different factors in a system. Correlation coefficients range from -1 to 1, with 0 indicating no linear relationship, 1 indicating a perfect positive linear relationship, and -1 indicating a perfect negative linear relationship. By analyzing the correlation coefficient, statisticians can quantify the strength and direction of the relationship between variables."
"4. How can correlation be used to make predictions in various fields such as business, finance, and medicine?","Correlation can be used to make predictions in various fields by identifying strong relationships between variables. For example, in business, if there is a strong positive correlation between advertising spending and sales, a company can predict that increasing advertising spending will lead to higher sales. In finance, if there is a negative correlation between two financial assets, an investor can predict that when one asset goes up, the other will go down. In medicine, if there is a correlation between a specific risk factor and a disease, healthcare professionals can predict the likelihood of developing the disease based on the presence of the risk factor. By understanding these correlations, professionals in these fields can make informed decisions and predictions to improve outcomes."
5. How can correlation be used as a starting point for developing causal models in statistics?,"Correlation can be used as a starting point for developing causal models in statistics by identifying relationships between variables. Once a correlation is established, further research and analysis can be conducted to determine if there is a causal relationship between the variables. By understanding the strength and direction of the correlation, researchers can investigate potential causal mechanisms and develop hypotheses that can be tested to establish causation. However, it's important to note that correlation does not imply causation, so additional rigorous methods are needed to establish causal relationships definitively."
"6. In what fields is correlation commonly used, and how does it benefit each field (business, finance, medicine, psychology)?","Correlation is commonly used in various fields such as business, finance, medicine, and psychology. In business, correlation helps identify relationships between variables like sales, advertising spending, and customer satisfaction. This information aids in making better business decisions, like resource allocation for marketing. In finance, correlation is used to identify relationships between financial assets like stocks, bonds, and commodities, helping in building diversified portfolios that reduce risk. In medicine, correlation helps identify relationships between medical variables, improving prevention, diagnosis, and treatment of diseases. In psychology, correlation is used to identify relationships between psychological variables, leading to better psychological assessments and treatments."
7. Provide examples of how correlation is used in the real world by a marketing manager and a financial analyst.,"A marketing manager might use correlation to identify the relationship between advertising spending and sales. This information could be used to decide how much money to allocate to advertising.

A financial analyst might use correlation to identify the relationship between the returns of different stocks. This information could be used to build a portfolio of stocks that is diversified and has a lower overall risk."
8. How can correlation be used to improve decision-making in business and finance?,"Correlation can be used in business and finance to identify relationships between different variables such as sales, advertising spending, financial assets, and returns on stocks. By understanding these relationships through correlation analysis, businesses can make better decisions on how to allocate resources, such as marketing budgets, and financial analysts can build diversified portfolios that reduce risk. This information can lead to more informed decision-making processes in both business and finance sectors."
9. What are some potential applications of correlation in the field of medicine and psychology?,"In the field of medicine, correlation can be used to identify relationships between different medical variables, such as risk factors for diseases and the effectiveness of treatments. This information can be used to improve the prevention, diagnosis, and treatment of diseases. 

In psychology, correlation can be used to identify relationships between different psychological variables, such as personality traits, cognitive abilities, and mental disorders. This information can be used to develop better psychological assessments and treatments."
10. How can understanding correlation help in developing interventions and making more accurate predictions in various fields?,"Understanding correlation can help in developing interventions and making more accurate predictions in various fields by providing insights into the relationships between different variables. By identifying correlations between variables, researchers and professionals can create causal models that describe how changes in one variable may cause changes in another. This understanding can lead to the development of interventions that target specific variables to achieve desired outcomes. Additionally, strong correlations between variables can be used to make predictions, allowing for more informed decision-making in fields such as business, finance, medicine, and psychology."
